,repository_name,languages
0,.github,.github
1,aegisthus,aegisthus
2,af_tsa,af_tsa
3,aminator,aminator
4,apache-pyiceberg,apache-pyiceberg
5,archaius,archaius
6,asgard,asgard
7,astyanax,astyanax
8,atlas,atlas
9,atlas-docs,atlas-docs
10,aws-autoscaling,aws-autoscaling
11,awsobjectmapper,awsobjectmapper
12,batch_request_api,batch_request_api
13,batch_request_client,batch_request_client
14,bbparse,bbparse
15,bettertls,bettertls
16,blesk,blesk
17,bless,bless
18,blitz4j,blitz4j
19,brutal,brutal
20,cachemover,cachemover
21,CassJMeter,CassJMeter
22,chaosmonkey,chaosmonkey
23,Cloud-Prize,Cloud-Prize
24,codec_compare,codec_compare
25,concurrency-limits,concurrency-limits
26,conductor,conductor
27,conductor-community,conductor-community
28,conductor-docs,conductor-docs
29,conductor-ui,conductor-ui
30,consoleme,consoleme
31,curator,curator
32,denominator,denominator
33,derand,derand
34,dgs,dgs
35,dgs-codegen,dgs-codegen
36,dgs-examples-java,dgs-examples-java
37,dgs-examples-java-2.7,dgs-examples-java-2.7
38,dgs-examples-java.latest,dgs-examples-java.latest
39,dgs-examples-java16,dgs-examples-java16
40,dgs-examples-kotlin,dgs-examples-kotlin
41,dgs-examples-kotlin-2.7,dgs-examples-kotlin-2.7
42,dgs-examples-webflux,dgs-examples-webflux
43,dgs-federation-example,dgs-federation-example
44,dgs-framework,dgs-framework
45,dgs-intellij-plugin,dgs-intellij-plugin
46,dial-reference,dial-reference
47,dispatch,dispatch
48,dispatch-docker,dispatch-docker
49,dyno,dyno
50,dyno-queues,dyno-queues
51,dynomite,dynomite
52,dynomite-manager,dynomite-manager
53,e2nest,e2nest
54,eclipse-jifa,eclipse-jifa
55,eclipse-mat,eclipse-mat
56,edda,edda
57,edda-client,edda-client
58,element-server,element-server
59,ember-batch-request,ember-batch-request
60,ember-nf-graph,ember-nf-graph
61,ember-nf-graph-examples,ember-nf-graph-examples
62,eslint-config-netflix,eslint-config-netflix
63,eslint-config-netflix-dea,eslint-config-netflix-dea
64,eureka,eureka
65,eureka-ui,eureka-ui
66,EVCache,EVCache
67,fabricator,fabricator
68,falcor,falcor
69,falcor-datasource-chainer,falcor-datasource-chainer
70,falcor-express,falcor-express
71,falcor-express-demo,falcor-express-demo
72,falcor-hapi,falcor-hapi
73,falcor-hapi-demo,falcor-hapi-demo
74,falcor-http-datasource,falcor-http-datasource
75,falcor-json-graph,falcor-json-graph
76,falcor-observable,falcor-observable
77,falcor-path-syntax,falcor-path-syntax
78,falcor-path-utils,falcor-path-utils
79,falcor-restify,falcor-restify
80,falcor-restify-demo,falcor-restify-demo
81,falcor-router,falcor-router
82,falcor-router-demo,falcor-router-demo
83,fast_jsonapi,fast_jsonapi
84,Fenzo,Fenzo
85,Fido,Fido
86,flamescope,flamescope
87,frigga,frigga
88,genie,genie
89,glisten,glisten
90,go-env,go-env
91,go-expect,go-expect
92,go-iomux,go-iomux
93,governator,governator
94,gradle-template,gradle-template
95,hal-9001,hal-9001
96,hollow,hollow
97,hollow-reference-implementation,hollow-reference-implementation
98,hubcommander,hubcommander
99,Hystrix,Hystrix
100,iceberg,iceberg
101,iep,iep
102,iep-shadow,iep-shadow
103,image_compression_comparison,image_compression_comparison
104,inviso,inviso
105,karyon,karyon
106,lemur,lemur
107,lemur-docker,lemur-docker
108,Lipstick,Lipstick
109,mantis,mantis
110,mantis-api,mantis-api
111,mantis-cli,mantis-cli
112,mantis-connectors,mantis-connectors
113,mantis-control-plane,mantis-control-plane
114,mantis-examples,mantis-examples
115,mantis-gradle-plugin,mantis-gradle-plugin
116,mantis-helm,mantis-helm
117,mantis-mql,mantis-mql
118,mantis-rxcontrol,mantis-rxcontrol
119,mantis-rxnetty,mantis-rxnetty
120,mantis-source-jobs,mantis-source-jobs
121,mantis-ui,mantis-ui
122,matchcut,matchcut
123,metacat,metacat
124,metaflow,metaflow
125,metaflow-docs,metaflow-docs
126,metaflow-extensions-template,metaflow-extensions-template
127,metaflow-nflx-extensions,metaflow-nflx-extensions
128,metaflow-service,metaflow-service
129,metaflow-tools,metaflow-tools
130,metaflow-ui,metaflow-ui
131,metrics-client-go,metrics-client-go
132,msl,msl
133,ndbench,ndbench
134,nerror,nerror
135,netflix-commons,netflix-commons
136,netflix-graph,netflix-graph
137,netflix.github.com,netflix.github.com
138,netflixoss-npm-build-infrastructure,netflixoss-npm-build-infrastructure
139,nf-data-explorer,nf-data-explorer
140,nflx-geofeed,nflx-geofeed
141,nflxprofile,nflxprofile
142,NfWebCrypto,NfWebCrypto
143,Nicobar,Nicobar
144,ocelli,ocelli
145,octodns,octodns
146,octodns-ns1,octodns-ns1
147,octodns-ultra,octodns-ultra
148,osstracker,osstracker
149,p2plab,p2plab
150,photon,photon
151,PigPen,PigPen
152,pollyjs,pollyjs
153,polynote,polynote
154,Prana,Prana
155,Priam,Priam
156,probnik,probnik
157,pygenie,pygenie
158,pytheas,pytheas
159,q,q
160,Raigad,Raigad
161,ReactiveLab,ReactiveLab
162,reactivesocket-examples,reactivesocket-examples
163,read_bbrlog,read_bbrlog
164,recipes-rss,recipes-rss
165,rend,rend
166,rend-http,rend-http
167,rend-lmdb,rend-lmdb
168,repokid,repokid
169,restful-jsonapi,restful-jsonapi
170,ribbon,ribbon
171,runtime-health,runtime-health
172,rx-aws-java-sdk,rx-aws-java-sdk
173,s3mper,s3mper
174,security-bulletins,security-bulletins
175,security_monkey,security_monkey
176,servo,servo
177,sherlock,sherlock
178,signal-wrapper,signal-wrapper
179,SimianArmy,SimianArmy
180,sleepy-puppy-docker,sleepy-puppy-docker
181,spark,spark
182,spectator,spectator
183,spectator-cpp,spectator-cpp
184,spectator-go,spectator-go
185,spectator-js,spectator-js
186,spectator-py,spectator-py
187,spectator-rb,spectator-rb
188,staash,staash
189,sureal,sureal
190,suro,suro
191,Surus,Surus
192,taskintrospection,taskintrospection
193,tcplog_dumper,tcplog_dumper
194,techreports,techreports
195,titus,titus
196,titus-api-definitions,titus-api-definitions
197,titus-control-plane,titus-control-plane
198,titus-executor,titus-executor
199,titus-kube-common,titus-kube-common
200,tslint-config-netflix,tslint-config-netflix
201,Turbine,Turbine
202,unleash,unleash
203,user2020-metaflow-tutorial,user2020-metaflow-tutorial
204,vector,vector
205,vectorflow,vectorflow
206,virtual-kubelet,virtual-kubelet
207,vizceral,vizceral
208,vizceral-component,vizceral-component
209,vizceral-example,vizceral-example
210,vizceral-react,vizceral-react
211,vmaf,vmaf
212,vmaf_resource,vmaf_resource
213,vp9-dash,vp9-dash
214,webpack-parse-query,webpack-parse-query
215,weep,weep
216,Workflowable,Workflowable
217,x-element,x-element
218,x-test,x-test
219,yetch,yetch
220,zeno,zeno
221,zuul,zuul
